"0","#| warning: false"
"0","#| message: false"
"0","#| echo: false"
"0","library(readxl)"
"0","library(dplyr)"
"0","library(huxtable)"
"0","library(janitor)"
"0","library(stringr)"
"0",""
"0","all_sites <- "
"0","  read_excel(""Psychology Applied Learning.xlsx"") |> "
"0","  clean_names() |> "
"0","  select(company_name,company_url,company_city,"
"0","         company_description) |> "
"0","  rename("
"0","    Name = company_name,"
"0","    URL = company_url,"
"0","    City = company_city,"
"0","    Description = company_description"
"0","  ) |> "
"0","  mutate(hyper_pre = paste0(""["",Name,""]""),"
"0","         hyper_post = paste0(""("",URL,"")""),"
"0","         hyper = paste0(hyper_pre,hyper_post)"
"0","           ) |> "
"0","  select(-Name,-URL,-hyper_pre,-hyper_post) |> "
"0","  relocate(hyper, .before = City) |> "
"0","  rename(Organization  = hyper) |> "
"0","  mutate(`Previous Students` = runif(179,"
"0","                                     min = 1,"
"0","                                     max = 10) |> round(0)) "
