{"title":"Site Selection","markdown":{"yaml":{"title":"Site Selection"},"headingText":"Internships","containsRefs":false,"markdown":"\n\n<style>\n\n.navbar-dark{\nbackground-color: #006F71\n}\n\n</style>\n\n```{r}\n#| warning: false\n#| message: false\n#| echo: false\nlibrary(readxl)\nlibrary(dplyr)\nlibrary(huxtable)\nlibrary(janitor)\nlibrary(stringr)\n\nall_sites <- \n  read_excel(\"Psychology Applied Learning.xlsx\") |> \n  clean_names() |> \n  select(company_name,company_url,company_city,\n         company_description) |> \n  rename(\n    Name = company_name,\n    URL = company_url,\n    City = company_city,\n    Description = company_description\n  ) |> \n  mutate(hyper_pre = paste0(\"[\",Name,\"]\"),\n         hyper_post = paste0(\"(\",URL,\")\"),\n         hyper = paste0(hyper_pre,hyper_post)\n           ) |> \n  select(-Name,-URL,-hyper_pre,-hyper_post) |> \n  relocate(hyper, .before = City) |> \n  rename(Organization  = hyper) |> \n  mutate(`Previous Students` = runif(179,\n                                     min = 1,\n                                     max = 10) |> round(0)) \n```\n\n::: {.panel-tabset}\n\n\n```{r}\n#| warning: false\n#| message: false\n#| echo: false\nall_sites |> \n  filter(!str_detect(Organization,\"Research\")) |> \n  hux() |> \n  set_markdown() |> \n  theme_article() |> \n  set_align(row = 1,\n            value = \"center\") \n```\n\n## Research Assistantships\n\n```{r}\n#| warning: false\n#| message: false\n#| echo: false\nall_sites |> \n  filter(str_detect(Organization,\"Research\")) |> \n  select(-City) |> \n  hux() |> \n  set_markdown() |> \n  theme_article() |> \n    set_align(row = 1,\n            value = \"center\")\n```\n\n\n:::","srcMarkdownNoYaml":"\n\n<style>\n\n.navbar-dark{\nbackground-color: #006F71\n}\n\n</style>\n\n```{r}\n#| warning: false\n#| message: false\n#| echo: false\nlibrary(readxl)\nlibrary(dplyr)\nlibrary(huxtable)\nlibrary(janitor)\nlibrary(stringr)\n\nall_sites <- \n  read_excel(\"Psychology Applied Learning.xlsx\") |> \n  clean_names() |> \n  select(company_name,company_url,company_city,\n         company_description) |> \n  rename(\n    Name = company_name,\n    URL = company_url,\n    City = company_city,\n    Description = company_description\n  ) |> \n  mutate(hyper_pre = paste0(\"[\",Name,\"]\"),\n         hyper_post = paste0(\"(\",URL,\")\"),\n         hyper = paste0(hyper_pre,hyper_post)\n           ) |> \n  select(-Name,-URL,-hyper_pre,-hyper_post) |> \n  relocate(hyper, .before = City) |> \n  rename(Organization  = hyper) |> \n  mutate(`Previous Students` = runif(179,\n                                     min = 1,\n                                     max = 10) |> round(0)) \n```\n\n::: {.panel-tabset}\n\n## Internships\n\n```{r}\n#| warning: false\n#| message: false\n#| echo: false\nall_sites |> \n  filter(!str_detect(Organization,\"Research\")) |> \n  hux() |> \n  set_markdown() |> \n  theme_article() |> \n  set_align(row = 1,\n            value = \"center\") \n```\n\n## Research Assistantships\n\n```{r}\n#| warning: false\n#| message: false\n#| echo: false\nall_sites |> \n  filter(str_detect(Organization,\"Research\")) |> \n  select(-City) |> \n  hux() |> \n  set_markdown() |> \n  theme_article() |> \n    set_align(row = 1,\n            value = \"center\")\n```\n\n\n:::"},"formats":{"html":{"identifier":{"display-name":"HTML","target-format":"html","base-format":"html"},"execute":{"fig-width":7,"fig-height":5,"fig-format":"retina","fig-dpi":96,"df-print":"default","error":false,"eval":true,"cache":null,"freeze":false,"echo":true,"output":true,"warning":true,"include":true,"keep-md":false,"keep-ipynb":false,"ipynb":null,"enabled":null,"daemon":null,"daemon-restart":false,"debug":false,"ipynb-filters":[],"engine":"knitr"},"render":{"keep-tex":false,"keep-source":false,"keep-hidden":false,"prefer-html":false,"output-divs":true,"output-ext":"html","fig-align":"default","fig-pos":null,"fig-env":null,"code-fold":"none","code-overflow":"scroll","code-link":false,"code-line-numbers":false,"code-tools":false,"tbl-colwidths":"auto","merge-includes":true,"inline-includes":false,"preserve-yaml":false,"latex-auto-mk":true,"latex-auto-install":true,"latex-clean":true,"latex-max-runs":10,"latex-makeindex":"makeindex","latex-makeindex-opts":[],"latex-tlmgr-opts":[],"latex-input-paths":[],"latex-output-dir":null,"link-external-icon":false,"link-external-newwindow":false,"self-contained-math":false,"format-resources":[],"notebook-links":true,"format-links":true},"pandoc":{"standalone":true,"wrap":"none","default-image-extension":"png","to":"html","css":["styles.css"],"toc":true,"toc-depth":2,"output-file":"sites.html"},"language":{"toc-title-document":"Table of contents","toc-title-website":"On this page","related-formats-title":"Other Formats","related-notebooks-title":"Notebooks","source-notebooks-prefix":"Source","section-title-abstract":"Abstract","section-title-appendices":"Appendices","section-title-footnotes":"Footnotes","section-title-references":"References","section-title-reuse":"Reuse","section-title-copyright":"Copyright","section-title-citation":"Citation","appendix-attribution-cite-as":"For attribution, please cite this work as:","appendix-attribution-bibtex":"BibTeX citation:","title-block-author-single":"Author","title-block-author-plural":"Authors","title-block-affiliation-single":"Affiliation","title-block-affiliation-plural":"Affiliations","title-block-published":"Published","title-block-modified":"Modified","callout-tip-title":"Tip","callout-note-title":"Note","callout-warning-title":"Warning","callout-important-title":"Important","callout-caution-title":"Caution","code-summary":"Code","code-tools-menu-caption":"Code","code-tools-show-all-code":"Show All Code","code-tools-hide-all-code":"Hide All Code","code-tools-view-source":"View Source","code-tools-source-code":"Source Code","code-line":"Line","code-lines":"Lines","copy-button-tooltip":"Copy to Clipboard","copy-button-tooltip-success":"Copied!","repo-action-links-edit":"Edit this page","repo-action-links-source":"View source","repo-action-links-issue":"Report an issue","back-to-top":"Back to top","search-no-results-text":"No results","search-matching-documents-text":"matching documents","search-copy-link-title":"Copy link to search","search-hide-matches-text":"Hide additional matches","search-more-match-text":"more match in this document","search-more-matches-text":"more matches in this document","search-clear-button-title":"Clear","search-detached-cancel-button-title":"Cancel","search-submit-button-title":"Submit","search-label":"Search","toggle-section":"Toggle section","toggle-sidebar":"Toggle sidebar navigation","toggle-dark-mode":"Toggle dark mode","toggle-reader-mode":"Toggle reader mode","toggle-navigation":"Toggle navigation","crossref-fig-title":"Figure","crossref-tbl-title":"Table","crossref-lst-title":"Listing","crossref-thm-title":"Theorem","crossref-lem-title":"Lemma","crossref-cor-title":"Corollary","crossref-prp-title":"Proposition","crossref-cnj-title":"Conjecture","crossref-def-title":"Definition","crossref-exm-title":"Example","crossref-exr-title":"Exercise","crossref-ch-prefix":"Chapter","crossref-apx-prefix":"Appendix","crossref-sec-prefix":"Section","crossref-eq-prefix":"Equation","crossref-lof-title":"List of Figures","crossref-lot-title":"List of Tables","crossref-lol-title":"List of Listings","environment-proof-title":"Proof","environment-remark-title":"Remark","environment-solution-title":"Solution","listing-page-order-by":"Order By","listing-page-order-by-default":"Default","listing-page-order-by-date-asc":"Oldest","listing-page-order-by-date-desc":"Newest","listing-page-order-by-number-desc":"High to Low","listing-page-order-by-number-asc":"Low to High","listing-page-field-date":"Date","listing-page-field-title":"Title","listing-page-field-description":"Description","listing-page-field-author":"Author","listing-page-field-filename":"File Name","listing-page-field-filemodified":"Modified","listing-page-field-subtitle":"Subtitle","listing-page-field-readingtime":"Reading Time","listing-page-field-categories":"Categories","listing-page-minutes-compact":"{0} min","listing-page-category-all":"All","listing-page-no-matches":"No matching items"},"metadata":{"lang":"en","fig-responsive":true,"quarto-version":"1.3.433","editor":"visual","theme":"flatly","toc-location":"left","toc-title":"Table of Contents","title":"Site Selection"},"extensions":{"book":{"multiFile":true}}}},"projectFormats":["html"]}